Código Município;Nome da Unidade da Federação;Esperança de vida ao nascer;Mortalidade infantil
310010;Abadia dos Dourados;75,35;14,80
310020;Abaeté;75,9;14,00
310030;Abre Campo;74,36;16,30
310040;Acaiaca;74,36;16,30
310050;Açucena;75,66;14,30
310060;Água Boa;72,94;18,70
310070;Água Comprida;76,58;13,00
310080;Aguanil;75,7;14,30
310090;Águas Formosas;73,63;17,50
310100;Águas Vermelhas;73,46;17,80
310110;Aimorés;73,58;17,60
310120;Aiuruoca;77,23;12,10
310130;Alagoa;74,93;15,40
310140;Albertina;73,76;17,30
310150;Além Paraíba;76,43;13,20
310160;Alfenas;75,45;14,60
310163;Alfredo Vasconcelos;75,01;15,30
310170;Almenara;73,18;18,30
310180;Alpercata;74,43;16,20
310190;Alpinópolis;76,71;12,80
310200;Alterosa;75,83;14,10
310205;Alto Caparaó;75,54;14,50
310210;Alto Rio Doce;74,7;15,80
310220;Alvarenga;72,85;18,80
310230;Alvinópolis;74,34;16,40
310240;Alvorada de Minas;72,65;19,20
310250;Amparo do Serra;73,63;17,50
310260;Andradas;77,69;11,50
310270;Cachoeira de Pajeú;71,25;21,80
310280;Andrelândia;74,06;16,80
310285;Angelândia;70,36;23,50
310290;Antônio Carlos;75,3;14,90
310300;Antônio Dias;75,93;13,90
310310;Antônio Prado de Minas;74,79;15,60
310320;Araçaí;73,28;18,10
310330;Aracitaba;74,37;16,30
310340;Araçuaí;74,27;16,50
310350;Araguari;77,28;11,71
310360;Arantina;75,05;15,20
310370;Araponga;70,6;23,10
310375;Araporã;73,78;17,30
310380;Arapuá;77,27;12,10
310390;Araújos;76,27;13,40
310400;Araxá;76,49;13,10
310410;Arceburgo;73,61;17,60
310420;Arcos;77,43;11,80
310430;Areado;75,84;14,10
310440;Argirita;74;16,90
310445;Aricanduva;72,22;20,00
310450;Arinos;73,88;17,10
310460;Astolfo Dutra;76,5;13,10
310470;Ataléia;73,77;17,30
310480;Augusto de Lima;73,9;17,10
310490;Baependi;74,97;15,40
310500;Baldim;72,21;20,00
310510;Bambuí;77,2;12,20
310520;Bandeira;73,64;17,50
310530;Bandeira do Sul;73,14;18,40
310540;Barão de Cocais;76,46;13,20
310550;Barão de Monte Alto;74,64;15,90
310560;Barbacena;77,88;10,53
310570;Barra Longa;74,36;16,30
310590;Barroso;76,84;12,60
310600;Bela Vista de Minas;72,72;19,10
310610;Belmiro Braga;74,81;15,60
310620;Belo Horizonte;76,37;12,95
310630;Belo Oriente;73,77;17,30
310640;Belo Vale;73,86;17,10
310650;Berilo;73,97;17,00
310660;Bertópolis;72,96;18,70
310665;Berizal;70,41;23,40
310670;Betim;76,82;12,68
310680;Bias Fortes;72,75;19,00
310690;Bicas;75,99;13,80
310700;Biquinhas;76,4;13,30
310710;Boa Esperança;76,28;13,40
310720;Bocaina de Minas;75,87;14,00
310730;Bocaiúva;74,29;16,40
310740;Bom Despacho;76,66;12,90
310750;Bom Jardim de Minas;74,34;16,40
310760;Bom Jesus da Penha;76,74;12,80
310770;Bom Jesus do Amparo;75,01;15,30
310780;Bom Jesus do Galho;73,01;18,60
310790;Bom Repouso;74,25;16,50
310800;Bom Sucesso;73,49;17,80
310810;Bonfim;75,01;15,30
310820;Bonfinópolis de Minas;72,73;19,10
310825;Bonito de Minas;71,57;21,20
310830;Borda da Mata;76,92;12,50
310840;Botelhos;77,07;12,30
310850;Botumirim;71,94;20,50
310855;Brasilândia de Minas;75,87;14,00
310860;Brasília de Minas;73,78;17,30
310870;Brás Pires;73,03;18,50
310880;Braúnas;73,1;18,40
310890;Brasópolis;75,45;14,60
310900;Brumadinho;76,39;13,30
310910;Bueno Brandão;75,9;14,00
310920;Buenópolis;72,74;19,00
310925;Bugre;73,01;18,60
310930;Buritis;73,88;17,10
310940;Buritizeiro;71,06;22,20
310945;Cabeceira Grande;72,25;19,90
310950;Cabo Verde;75,82;14,10
310960;Cachoeira da Prata;75,02;15,30
310970;Cachoeira de Minas;74,25;16,50
310980;Cachoeira Dourada;76,02;13,80
310990;Caetanópolis;75,71;14,20
311000;Caeté;75,62;14,40
311010;Caiana;74,98;15,40
311020;Cajuri;73,26;18,10
311030;Caldas;77,35;12,00
311040;Camacho;75,38;14,80
311050;Camanducaia;75,22;15,00
311060;Cambuí;77,33;12,00
311070;Cambuquira;76,34;13,30
311080;Campanário;74,85;15,60
311090;Campanha;75,93;13,90
311100;Campestre;75,59;14,40
311110;Campina Verde;77,06;12,30
311115;Campo Azul;72,96;18,70
311120;Campo Belo;77,1;12,30
311130;Campo do Meio;74,61;15,90
311140;Campo Florido;76,46;12,60
311150;Campos Altos;76,62;13,00
311160;Campos Gerais;74,27;16,50
311170;Canaã;72,88;18,80
311180;Canápolis;77,32;12,00
311190;Cana Verde;74,25;16,50
311200;Candeias;74,81;15,60
311205;Cantagalo;73,94;17,00
311210;Caparaó;75,16;15,10
311220;Capela Nova;72,84;18,90
311230;Capelinha;74,41;16,30
311240;Capetinga;75,88;14,00
311250;Capim Branco;75,19;15,00
311260;Capinópolis;75,47;14,60
311265;Capitão Andrade;73,28;18,10
311270;Capitão Enéas;73,37;18,00
311280;Capitólio;74,51;16,10
311290;Caputira;73,53;17,70
311300;Caraí;71,88;20,60
311310;Caranaíba;73,44;17,80
311320;Carandaí;74,27;16,50
311330;Carangola;75,19;15,00
311340;Caratinga;75,16;15,10
311350;Carbonita;72,74;19,00
311360;Careaçu;74,41;16,20
311370;Carlos Chagas;74,55;16,00
311380;Carmésia;73,28;18,10
311390;Carmo da Cachoeira;73,03;18,50
311400;Carmo da Mata;75,41;14,70
311410;Carmo de Minas;75,71;14,30
311420;Carmo do Cajuru;76,16;13,60
311430;Carmo do Paranaíba;76,63;12,90
311440;Carmo do Rio Claro;76,01;13,80
311450;Carmópolis de Minas;75,99;13,80
311455;Carneirinho;77,37;11,90
311460;Carrancas;77,59;11,60
311470;Carvalhópolis;75,98;13,90
311480;Carvalhos;74,2;16,60
311490;Casa Grande;74,39;16,30
311500;Cascalho Rico;75,72;14,20
311510;Cássia;75,22;15,00
311520;Conceição da Barra de Minas;73,91;17,10
311530;Cataguases;76,68;12,90
311535;Catas Altas;74,65;15,90
311540;Catas Altas da Noruega;72,96;18,70
311545;Catuji;71,23;21,80
311547;Catuti;71,38;21,50
311550;Caxambu;75,85;14,00
311560;Cedro do Abaeté;73,04;18,50
311570;Central de Minas;74,37;16,30
311580;Centralina;76,19;13,60
311590;Chácara;77,66;11,50
311600;Chalé;72,21;20,00
311610;Chapada do Norte;72,86;18,80
311615;Chapada Gaúcha;74,22;16,60
311620;Chiador;77,05;12,40
311630;Cipotânea;69,97;24,30
311640;Claraval;75,88;14,00
311650;Claro dos Poções;72,96;18,70
311660;Cláudio;75,75;14,20
311670;Coimbra;74,49;16,10
311680;Coluna;71,91;20,50
311690;Comendador Gomes;76,01;13,80
311700;Comercinho;72,83;18,90
311710;Conceição da Aparecida;75,83;14,10
311720;Conceição das Pedras;74,25;16,50
311730;Conceição das Alagoas;76,72;12,80
311740;Conceição de Ipanema;74,51;16,10
311750;Conceição do Mato Dentro;72,65;19,20
311760;Conceição do Pará;75,97;13,90
311770;Conceição do Rio Verde;75,01;15,30
311780;Conceição dos Ouros;75,49;14,60
311783;Cônego Marinho;72,96;18,70
311787;Confins;74,79;15,70
311790;Congonhal;75,81;14,10
311800;Congonhas;77,59;11,60
311810;Congonhas do Norte;69,74;24,80
311820;Conquista;77,59;11,60
311830;Conselheiro Lafaiete;76,62;14,12
311840;Conselheiro Pena;75,24;15,00
311850;Consolação;73,36;18,00
311860;Contagem;74,94;15,40
311870;Coqueiral;75,26;14,90
311880;Coração de Jesus;73,48;17,80
311890;Cordisburgo;72,17;20,10
311900;Cordislândia;73,39;17,90
311910;Corinto;75,49;14,60
311920;Coroaci;73,64;17,50
311930;Coromandel;76,57;13,00
311940;Coronel Fabriciano;76,88;12,54
311950;Coronel Murta;72,05;20,30
311960;Coronel Pacheco;72,36;19,70
311970;Coronel Xavier Chaves;74,4;16,30
311980;Córrego Danta;75,61;14,40
311990;Córrego do Bom Jesus;75,4;14,70
311995;Córrego Fundo;72,67;19,20
312000;Córrego Novo;73,32;18,10
312010;Couto de Magalhães de Minas;73,4;17,90
312015;Crisólita;72,96;18,70
312020;Cristais;76,54;13,10
312030;Cristália;72,71;19,10
312040;Cristiano Otoni;74,39;16,30
312050;Cristina;75,53;14,50
312060;Crucilândia;73,97;17,00
312070;Cruzeiro da Fortaleza;74,94;15,40
312080;Cruzília;76,17;13,60
312083;Cuparaque;72,85;18,80
312087;Curral de Dentro;70,51;23,20
312090;Curvelo;76,05;13,80
312100;Datas;70,36;23,50
312110;Delfim Moreira;75,2;15,00
312120;Delfinópolis;77,31;12,00
312125;Delta;73,46;17,80
312130;Descoberto;72,85;18,90
312140;Desterro de Entre Rios;73,14;18,40
312150;Desterro do Melo;73,53;17,70
312160;Diamantina;75,33;14,80
312170;Diogo de Vasconcelos;73,63;17,50
312180;Dionísio;74,24;16,50
312190;Divinésia;72,11;20,20
312200;Divino;74,36;16,30
312210;Divino das Laranjeiras;73,64;17,50
312220;Divinolândia de Minas;73,72;17,40
312230;Divinópolis;75,63;14,59
312235;Divisa Alegre;68,39;27,80
312240;Divisa Nova;73,03;18,50
312245;Divisópolis;73,1;18,40
312247;Dom Bosco;73,88;17,10
312250;Dom Cavati;72,03;20,30
312260;Dom Joaquim;74,12;16,70
312270;Dom Silvério;75,8;14,10
312280;Dom Viçoso;74,12;16,70
312290;Dona Eusébia;75,45;14,60
312300;Dores de Campos;74,4;16,30
312310;Dores de Guanhães;74,26;16,50
312320;Dores do Indaiá;75,4;14,70
312330;Dores do Turvo;74,75;15,70
312340;Doresópolis;77,11;12,30
312350;Douradoquara;75,84;14,10
312352;Durandé;75,54;14,50
312360;Elói Mendes;75,26;14,90
312370;Engenheiro Caldas;73,91;17,10
312380;Engenheiro Navarro;72,44;19,60
312385;Entre Folhas;72,5;19,50
312390;Entre Rios de Minas;73,14;18,40
312400;Ervália;74,7;15,80
312410;Esmeraldas;74,31;16,40
312420;Espera Feliz;75,77;14,20
312430;Espinosa;73,26;18,20
312440;Espírito Santo do Dourado;75,81;14,10
312450;Estiva;75,9;14,00
312460;Estrela Dalva;77,04;12,40
312470;Estrela do Indaiá;77,49;11,80
312480;Estrela do Sul;75,4;14,70
312490;Eugenópolis;75,77;14,20
312500;Ewbank da Câmara;74,37;16,30
312510;Extrema;75,95;13,90
312520;Fama;76,77;12,70
312530;Faria Lemos;73;18,60
312540;Felício dos Santos;72,61;19,30
312550;São Gonçalo do Rio Preto;73,91;17,10
312560;Felisburgo;69,66;25,00
312570;Felixlândia;73,9;17,10
312580;Fernandes Tourinho;73,43;17,90
312590;Ferros;74,24;16,50
312595;Fervedouro;72,73;19,10
312600;Florestal;75,69;14,30
312610;Formiga;77,43;11,80
312620;Formoso;75,04;15,30
312630;Fortaleza de Minas;73,31;18,10
312640;Fortuna de Minas;75,7;14,30
312650;Francisco Badaró;72,57;19,40
312660;Francisco Dumont;72,8;19,00
312670;Francisco Sá;73,48;17,80
312675;Franciscópolis;73,14;18,40
312680;Frei Gaspar;72,96;18,70
312690;Frei Inocêncio;71,72;20,90
312695;Frei Lagonegro;69,96;24,40
312700;Fronteira;77,28;12,00
312705;Fronteira dos Vales;73,8;17,30
312707;Fruta de Leite;72,5;19,50
312710;Frutal;76,92;12,50
312720;Funilândia;75,66;14,30
312730;Galiléia;72,71;19,10
312733;Gameleiras;72,74;19,00
312735;Glaucilândia;73,72;17,40
312737;Goiabeira;72,91;18,80
312738;Goianá;75,1;15,20
312740;Gonçalves;74,96;15,40
312750;Gonzaga;71,44;21,40
312760;Gouveia;74,98;15,40
312770;Governador Valadares;75,06;14,66
312780;Grão Mogol;72,44;19,60
312790;Grupiara;75,64;14,40
312800;Guanhães;74,22;16,60
312810;Guapé;74,86;15,60
312820;Guaraciaba;72,61;19,30
312825;Guaraciama;73,4;17,90
312830;Guaranésia;75,7;14,30
312840;Guarani;75,96;13,90
312850;Guarará;73,1;18,40
312860;Guarda-Mor;74,76;15,70
312870;Guaxupé;77,81;11,30
312880;Guidoval;75,22;15,00
312890;Guimarânia;74,51;16,10
312900;Guiricema;73,74;17,40
312910;Gurinhatã;76,88;12,60
312920;Heliodora;74,29;16,40
312930;Iapu;74,12;16,70
312940;Ibertioga;75,01;15,30
312950;Ibiá;77,62;11,60
312960;Ibiaí;72,71;19,10
312965;Ibiracatu;72,17;20,10
312970;Ibiraci;76,28;13,40
312980;Ibirité;75,41;14,70
312990;Ibitiúra de Minas;73,14;18,40
313000;Ibituruna;74,39;16,30
313005;Icaraí de Minas;72,96;18,70
313010;Igarapé;75,63;14,40
313020;Igaratinga;75,54;14,50
313030;Iguatama;74,51;16,10
313040;Ijaci;75,37;14,80
313050;Ilicínea;74,61;15,90
313055;Imbé de Minas;69,66;25,00
313060;Inconfidentes;75,59;14,40
313065;Indaiabira;73,26;18,20
313070;Indianópolis;75,06;15,20
313080;Ingaí;76,45;13,20
313090;Inhapim;74,72;15,80
313100;Inhaúma;75,71;14,30
313110;Inimutaba;73,61;17,60
313115;Ipaba;74,72;15,80
313120;Ipanema;75,87;14,00
313130;Ipatinga;76,85;13,22
313140;Ipiaçu;73,82;17,20
313150;Ipuiúna;76,98;12,40
313160;Iraí de Minas;75,84;14,10
313170;Itabira;77,37;11,18
313180;Itabirinha;75,3;14,90
313190;Itabirito;74,68;15,80
313200;Itacambira;72,44;19,60
313210;Itacarambi;72,22;20,00
313220;Itaguara;75,14;15,10
313230;Itaipé;70,52;23,20
313240;Itajubá;78,06;10,50
313250;Itamarandiba;72,86;18,80
313260;Itamarati de Minas;75,45;14,60
313270;Itambacuri;72,05;20,30
313280;Itambé do Mato Dentro;74,39;16,30
313290;Itamogi;73,61;17,60
313300;Itamonte;76,17;13,60
313310;Itanhandu;77,23;12,10
313320;Itanhomi;74,85;15,60
313330;Itaobim;72,19;20,00
313340;Itapagipe;76,64;12,90
313350;Itapecerica;75,73;14,20
313360;Itapeva;77,69;11,50
313370;Itatiaiuçu;75;15,30
313375;Itaú de Minas;76,74;12,80
313380;Itaúna;76,02;14,68
313390;Itaverava;73,63;17,50
313400;Itinga;72,83;18,90
313410;Itueta;74,51;16,10
313420;Ituiutaba;75,37;14,20
313430;Itumirim;75,39;14,70
313440;Iturama;75,88;14,00
313450;Itutinga;77,67;11,50
313460;Jaboticatubas;75,19;15,00
313470;Jacinto;73,4;17,90
313480;Jacuí;73,61;17,60
313490;Jacutinga;76,82;12,70
313500;Jaguaraçu;76,35;13,30
313505;Jaíba;72,33;19,80
313507;Jampruca;71,86;20,60
313510;Janaúba;72,74;19,00
313520;Januária;74,22;16,60
313530;Japaraíba;75,62;14,40
313535;Japonvar;72,17;20,10
313540;Jeceaba;75,66;14,30
313545;Jenipapo de Minas;72,59;19,30
313550;Jequeri;72,61;19,30
313560;Jequitaí;72,79;19,00
313570;Jequitibá;76,26;13,50
313580;Jequitinhonha;73,99;16,90
313590;Jesuânia;74,88;15,50
313600;Joaíma;72,36;19,70
313610;Joanésia;73,2;18,30
313620;João Monlevade;75,93;13,90
313630;João Pinheiro;72,25;19,90
313640;Joaquim Felício;74,44;16,20
313650;Jordânia;72,82;18,90
313652;José Gonçalves de Minas;70,81;22,60
313655;José Raydan;72,94;18,70
313657;Josenópolis;71,94;20,50
313660;Nova União;74,06;16,80
313665;Juatuba;75,94;13,90
313670;Juiz de Fora;75,65;15,42
313680;Juramento;73,48;17,80
313690;Juruaia;76,61;13,00
313695;Juvenília;71,57;21,20
313700;Ladainha;70,26;23,80
313710;Lagamar;75,31;14,80
313720;Lagoa da Prata;74,89;15,50
313730;Lagoa dos Patos;71,36;21,60
313740;Lagoa Dourada;74,68;15,80
313750;Lagoa Formosa;74,91;15,50
313753;Lagoa Grande;73,72;17,40
313760;Lagoa Santa;76,43;13,20
313770;Lajinha;73,6;17,60
313780;Lambari;77,23;12,10
313790;Lamim;74,7;15,80
313800;Laranjal;76,42;13,20
313810;Lassance;72,71;19,10
313820;Lavras;77,8;11,40
313830;Leandro Ferreira;77,49;11,80
313835;Leme do Prado;71,73;20,90
313840;Leopoldina;77,04;12,40
313850;Liberdade;75,01;15,30
313860;Lima Duarte;76,68;12,90
313862;Limeira do Oeste;75,04;15,30
313865;Lontra;72,61;19,30
313867;Luisburgo;73,53;17,70
313868;Luislândia;72,96;18,70
313870;Luminárias;74,27;16,50
313880;Luz;75;15,30
313890;Machacalis;71,96;20,40
313900;Machado;75,9;14,00
313910;Madre de Deus de Minas;76,38;13,30
313920;Malacacheta;71,05;22,20
313925;Mamonas;71,73;20,90
313930;Manga;72,96;18,70
313940;Manhuaçu;75,35;14,80
313950;Manhumirim;75,74;14,20
313960;Mantena;73,16;18,30
313970;Maravilhas;75,7;14,30
313980;Mar de Espanha;74,51;16,10
313990;Maria da Fé;75,53;14,50
314000;Mariana;77,43;11,80
314010;Marilac;71,86;20,60
314015;Mário Campos;74,99;15,30
314020;Maripá de Minas;75,84;14,10
314030;Marliéria;75,29;14,90
314040;Marmelópolis;73,36;18,00
314050;Martinho Campos;75,61;14,40
314053;Martins Soares;73,53;17,70
314055;Mata Verde;69,92;24,40
314060;Materlândia;71,16;22,00
314070;Mateus Leme;75,36;14,80
314080;Matias Barbosa;76,73;12,80
314085;Matias Cardoso;72,96;18,70
314090;Matipó;71,8;20,80
314100;Mato Verde;72,33;19,80
314110;Matozinhos;76,82;12,70
314120;Matutina;76,53;13,10
314130;Medeiros;76,04;13,80
314140;Medina;74,27;16,50
314150;Mendes Pimentel;71,09;22,10
314160;Mercês;74,85;15,60
314170;Mesquita;72,76;19,00
314180;Minas Novas;73,14;18,40
314190;Minduri;73,32;18,00
314200;Mirabela;72,61;19,30
314210;Miradouro;74,64;15,90
314220;Miraí;75,19;15,00
314225;Miravânia;71,88;20,60
314230;Moeda;73,01;18,60
314240;Moema;75,87;14,00
314250;Monjolos;74,16;16,70
314260;Monsenhor Paulo;75,32;14,80
314270;Montalvânia;72,96;18,70
314280;Monte Alegre de Minas;75,86;14,00
314290;Monte Azul;73,63;17,50
314300;Monte Belo;75,82;14,10
314310;Monte Carmelo;77,1;12,30
314315;Monte Formoso;70,92;22,40
314320;Monte Santo de Minas;77,46;11,80
314330;Montes Claros;77,07;13,04
314340;Monte Sião;77,69;11,50
314345;Montezuma;73,55;17,60
314350;Morada Nova de Minas;74,79;15,70
314360;Morro da Garça;73,97;17,00
314370;Morro do Pilar;73,55;17,60
314380;Munhoz;74,25;16,50
314390;Muriaé;76,18;14,70
314400;Mutum;74,3;16,40
314410;Muzambinho;76,51;13,10
314420;Nacip Raydan;74,85;15,60
314430;Nanuque;76,02;13,80
314435;Naque;74,32;16,40
314437;Natalândia;75,78;14,20
314440;Natércia;73,28;18,10
314450;Nazareno;74,82;15,60
314460;Nepomuceno;74,3;16,40
314465;Ninheira;72,01;20,40
314467;Nova Belém;71,06;22,20
314470;Nova Era;74,48;16,20
314480;Nova Lima;78,1;11,67
314490;Nova Módica;71,72;20,90
314500;Nova Ponte;75,08;15,20
314505;Nova Porteirinha;73,63;17,50
314510;Nova Resende;75,33;14,80
314520;Nova Serrana;76,82;12,70
314530;Novo Cruzeiro;72,83;18,90
314535;Novo Oriente de Minas;70,26;23,80
314537;Novorizonte;73,26;18,20
314540;Olaria;74,37;16,30
314545;Olhos-d Agua;73,72;17,40
314550;Olímpio Noronha;73,56;17,60
314560;Oliveira;75,51;14,60
314570;Oliveira Fortes;72,61;19,30
314580;Onça de Pitangui;73,33;18,00
314585;Oratórios;74,42;16,20
314587;Orizânia;71,67;21,00
314590;Ouro Branco;77,31;12,00
314600;Ouro Fino;76,66;12,90
314610;Ouro Preto;75,03;15,30
314620;Ouro Verde de Minas;72,35;19,70
314625;Padre Carvalho;72,71;19,10
314630;Padre Paraíso;72,83;18,90
314640;Paineiras;74,41;16,20
314650;Pains;77,43;11,80
314655;Pai Pedro;70,62;23,00
314660;Paiva;75,72;14,20
314670;Palma;75,45;14,60
314675;Palmópolis;69,29;25,80
314690;Papagaios;74,96;15,40
314700;Paracatu;76,22;13,50
314710;Pará de Minas;75,87;14,00
314720;Paraguaçu;75,98;13,90
314730;Paraisópolis;76,11;13,70
314740;Paraopeba;72,55;19,40
314750;Passabém;72,23;20,00
314760;Passa Quatro;76,59;13,00
314770;Passa Tempo;73,46;17,80
314780;Passa-Vinte;73,53;17,70
314790;Passos;78,15;10,35
314795;Patis;72,23;20,00
314800;Patos de Minas;76,31;14,47
314810;Patrocínio;76,14;13,60
314820;Patrocínio do Muriaé;72,78;19,00
314830;Paula Cândido;74,38;16,30
314840;Paulistas;72,44;19,60
314850;Pavão;73,77;17,30
314860;Peçanha;72,23;20,00
314870;Pedra Azul;72,79;19,00
314875;Pedra Bonita;69,41;25,50
314880;Pedra do Anta;74,26;16,50
314890;Pedra do Indaiá;75,6;14,40
314900;Pedra Dourada;74,64;15,90
314910;Pedralva;73,39;17,90
314915;Pedras de Maria da Cruz;72,22;20,00
314920;Pedrinópolis;76,29;13,40
314930;Pedro Leopoldo;76,33;13,40
314940;Pedro Teixeira;72,61;19,30
314950;Pequeri;77,05;12,40
314960;Pequi;73,47;17,80
314970;Perdigão;75,6;14,40
314980;Perdizes;77,8;11,40
314990;Perdões;77,69;11,50
314995;Periquito;75,34;14,80
315000;Pescador;74,85;15,60
315010;Piau;74,42;16,20
315015;Piedade de Caratinga;71,37;21,60
315020;Piedade de Ponte Nova;73,14;18,40
315030;Piedade do Rio Grande;74,22;16,60
315040;Piedade dos Gerais;75,42;14,70
315050;Pimenta;74,93;15,40
315053;Pingo-d Agua;69,63;25,00
315057;Pintópolis;72,96;18,70
315060;Piracema;73,54;17,70
315070;Pirajuba;76,46;13,20
315080;Piranga;72,96;18,70
315090;Piranguçu;73,36;18,00
315100;Piranguinho;75,45;14,60
315110;Pirapetinga;75,45;14,60
315120;Pirapora;74,65;15,90
315130;Piraúba;75,56;14,50
315140;Pitangui;77,22;12,10
315150;Piumhi;77,7;11,50
315160;Planura;76,1;13,70
315170;Poço Fundo;76,95;12,50
315180;Poços de Caldas;77,31;11,27
315190;Pocrane;72,91;18,80
315200;Pompéu;75,05;15,20
315210;Ponte Nova;75,9;14,00
315213;Ponto Chique;72,81;18,90
315217;Ponto dos Volantes;71,88;20,60
315220;Porteirinha;72,74;19,00
315230;Porto Firme;73,26;18,10
315240;Poté;73,52;17,70
315250;Pouso Alegre;77,33;11,58
315260;Pouso Alto;75,81;14,10
315270;Prados;76,89;12,60
315280;Prata;76,12;13,70
315290;Pratápolis;76,74;12,80
315300;Pratinha;77,24;12,10
315310;Presidente Bernardes;73,23;18,20
315320;Presidente Juscelino;72,74;19,00
315330;Presidente Kubitschek;72,22;20,00
315340;Presidente Olegário;74,88;15,50
315350;Alto Jequitibá;72,21;20,00
315360;Prudente de Morais;72,7;19,10
315370;Quartel Geral;75,74;14,20
315380;Queluzito;74,39;16,30
315390;Raposos;74,9;15,50
315400;Raul Soares;74,36;16,30
315410;Recreio;75,45;14,60
315415;Reduto;73,08;18,50
315420;Resende Costa;74,4;16,30
315430;Resplendor;74,99;15,40
315440;Ressaquinha;75,01;15,30
315445;Riachinho;72,71;19,10
315450;Riacho dos Machados;73,45;17,80
315460;Ribeirão das Neves;74,31;16,40
315470;Ribeirão Vermelho;76,01;13,80
315480;Rio Acima;77,22;12,10
315490;Rio Casca;73,79;17,30
315500;Rio Doce;73,07;18,50
315510;Rio do Prado;73,4;17,90
315520;Rio Espera;73,03;18,50
315530;Rio Manso;73,11;18,40
315540;Rio Novo;75,07;15,20
315550;Rio Paranaíba;76,28;13,40
315560;Rio Pardo de Minas;72,85;18,80
315570;Rio Piracicaba;72,63;19,20
315580;Rio Pomba;76,77;12,70
315590;Rio Preto;75,84;14,10
315600;Rio Vermelho;72,23;20,00
315610;Ritápolis;73,91;17,10
315620;Rochedo de Minas;75,92;14,00
315630;Rodeiro;72,84;18,90
315640;Romaria;73,78;17,30
315645;Rosário da Limeira;73,69;17,40
315650;Rubelita;73,46;17,80
315660;Rubim;73,99;16,90
315670;Sabará;74,99;15,40
315680;Sabinópolis;73,71;17,40
315690;Sacramento;77,25;12,10
315700;Salinas;73,9;17,10
315710;Salto da Divisa;75,74;14,20
315720;Santa Bárbara;73,97;17,00
315725;Santa Bárbara do Leste;73,01;18,60
315727;Santa Bárbara do Monte Verde;74,37;16,30
315730;Santa Bárbara do Tugúrio;73,57;17,60
315733;Santa Cruz de Minas;75,35;14,80
315737;Santa Cruz de Salinas;70,41;23,40
315740;Santa Cruz do Escalvado;73,91;17,10
315750;Santa Efigênia de Minas;72,57;19,40
315760;Santa Fé de Minas;73,26;18,20
315765;Santa Helena de Minas;68,37;27,80
315770;Santa Juliana;77,06;12,40
315780;Santa Luzia;76,52;11,30
315790;Santa Margarida;72,07;20,20
315800;Santa Maria de Itabira;74,24;16,50
315810;Santa Maria do Salto;70,92;22,40
315820;Santa Maria do Suaçuí;74,03;16,90
315830;Santana da Vargem;75,98;13,90
315840;Santana de Cataguases;72,58;19,30
315850;Santana de Pirapama;73,93;17,00
315860;Santana do Deserto;75,93;13,90
315870;Santana do Garambéu;74,32;16,40
315880;Santana do Jacaré;72,37;19,70
315890;Santana do Manhuaçu;73,53;17,70
315895;Santana do Paraíso;77,66;11,50
315900;Santana do Riacho;75,02;15,30
315910;Santana dos Montes;73,04;18,50
315920;Santa Rita de Caldas;74,36;16,30
315930;Santa Rita de Jacutinga;74,58;16,00
315935;Santa Rita de Minas;72,48;19,50
315940;Santa Rita de Ibitipoca;72,6;19,30
315950;Santa Rita do Itueto;71,76;20,80
315960;Santa Rita do Sapucaí;74,8;15,60
315970;Santa Rosa da Serra;76,95;12,50
315980;Santa Vitória;76,88;12,60
315990;Santo Antônio do Amparo;74,39;16,30
316000;Santo Antônio do Aventureiro;75,45;14,60
316010;Santo Antônio do Grama;74,36;16,30
316020;Santo Antônio do Itambé;72,65;19,20
316030;Santo Antônio do Jacinto;71,33;21,60
316040;Santo Antônio do Monte;75,37;14,80
316045;Santo Antônio do Retiro;72,03;20,30
316050;Santo Antônio do Rio Abaixo;74,39;16,30
316060;Santo Hipólito;74,44;16,20
316070;Santos Dumont;75,84;14,10
316080;São Bento Abade;73,03;18,50
316090;São Brás do Suaçuí;73,04;18,50
316095;São Domingos das Dores;73,01;18,60
316100;São Domingos do Prata;74,36;16,30
316105;São Félix de Minas;72,68;19,20
316110;São Francisco;73,26;18,20
316120;São Francisco de Paula;73,69;17,40
316130;São Francisco de Sales;77,01;12,40
316140;São Francisco do Glória;74,96;15,40
316150;São Geraldo;74,85;15,60
316160;São Geraldo da Piedade;71,43;21,40
316165;São Geraldo do Baixio;74,43;16,20
316170;São Gonçalo do Abaeté;72,75;19,00
316180;São Gonçalo do Pará;75,53;14,50
316190;São Gonçalo do Rio Abaixo;72,52;19,40
316200;São Gonçalo do Sapucaí;75,99;13,80
316210;São Gotardo;76,27;13,40
316220;São João Batista do Glória;75,69;14,30
316225;São João da Lagoa;73,78;17,30
316230;São João da Mata;74,29;16,40
316240;São João da Ponte;72,17;20,10
316245;São João das Missões;71,57;21,20
316250;São João del Rei;76,57;13,00
316255;São João do Manhuaçu;75,16;15,10
316257;São João do Manteninha;73,3;18,10
316260;São João do Oriente;73,32;18,10
316265;São João do Pacuí;72,85;18,80
316270;São João do Paraíso;73,46;17,80
316280;São João Evangelista;73,37;18,00
316290;São João Nepomuceno;75,98;13,90
316292;São Joaquim de Bicas;75,62;14,40
316294;São José da Barra;77,56;11,70
316295;São José da Lapa;75,63;14,40
316300;São José da Safira;70,91;22,40
316310;São José da Varginha;76,41;13,20
316320;São José do Alegre;75,2;15,00
316330;São José do Divino;71,7;20,90
316340;São José do Goiabal;73,83;17,20
316350;São José do Jacuri;69,96;24,40
316360;São José do Mantimento;74,36;16,30
316370;São Lourenço;77,28;11,50
316380;São Miguel do Anta;74,7;15,80
316390;São Pedro da União;75,16;15,10
316400;São Pedro dos Ferros;72,34;19,80
316410;São Pedro do Suaçuí;72,08;20,20
316420;São Romão;72,22;20,00
316430;São Roque de Minas;75,27;14,90
316440;São Sebastião da Bela Vista;75,87;14,00
316443;São Sebastião da Vargem Alegre;74,64;15,90
316447;São Sebastião do Anta;70,98;22,30
316450;São Sebastião do Maranhão;73,94;17,00
316460;São Sebastião do Oeste;74,9;15,50
316470;São Sebastião do Paraíso;75,15;15,10
316480;São Sebastião do Rio Preto;73,55;17,60
316490;São Sebastião do Rio Verde;75,71;14,30
316500;São Tiago;74,48;16,10
316510;São Tomás de Aquino;77,46;11,80
316520;São Thomé das Letras;73,03;18,50
316530;São Vicente de Minas;75,72;14,20
316540;Sapucaí-Mirim;75,49;14,60
316550;Sardoá;73,71;17,40
316553;Sarzedo;77,28;12,00
316555;Setubinha;69,6;25,10
316556;Sem-Peixe;74,57;16,00
316557;Senador Amaral;74,25;16,50
316560;Senador Cortes;75,05;15,30
316570;Senador Firmino;74,75;15,70
316580;Senador José Bento;74,41;16,20
316590;Senador Modestino Gonçalves;71,94;20,50
316600;Senhora de Oliveira;73,03;18,50
316610;Senhora do Porto;73,1;18,40
316620;Senhora dos Remédios;71,56;21,20
316630;Sericita;71,56;21,20
316640;Seritinga;76,17;13,60
316650;Serra Azul de Minas;73,55;17,60
316660;Serra da Saudade;76,78;12,70
316670;Serra dos Aimorés;72,06;20,30
316680;Serra do Salitre;76,11;13,70
316690;Serrania;75;15,30
316695;Serranópolis de Minas;71,38;21,50
316700;Serranos;75,05;15,20
316710;Serro;75,01;15,30
316720;Sete Lagoas;75,37;14,80
316730;Silveirânia;75,45;14,60
316740;Silvianópolis;76,87;12,60
316750;Simão Pereira;75,57;14,50
316760;Simonésia;74,36;16,30
316770;Sobrália;73,28;18,10
316780;Soledade de Minas;74,88;15,50
316790;Tabuleiro;74,27;16,50
316800;Taiobeiras;73,9;17,10
316805;Taparuba;72,91;18,80
316810;Tapira;75,8;14,10
316820;Tapiraí;75,84;14,10
316830;Taquaraçu de Minas;74,06;16,80
316840;Tarumirim;74,72;15,80
316850;Teixeiras;73,26;18,10
316860;Teófilo Otoni;74,45;16,20
316870;Timóteo;75,14;15,10
316880;Tiradentes;78,1;11,00
316890;Tiros;76,13;13,60
316900;Tocantins;72,99;18,60
316905;Tocos do Moji;73,49;17,80
316910;Toledo;73,14;18,40
316920;Tombos;77,23;12,10
316930;Três Corações;76,28;13,40
316935;Três Marias;76,93;12,50
316940;Três Pontas;75,98;13,90
316950;Tumiritinga;74,63;15,90
316960;Tupaciguara;76,78;12,70
316970;Turmalina;73,98;17,00
316980;Turvolândia;74,71;15,80
316990;Ubá;75,45;14,60
317000;Ubaí;72,22;20,00
317005;Ubaporanga;73,32;18,10
317010;Uberaba;75,71;14,00
317020;Uberlândia;78,09;10,68
317030;Umburatiba;73,88;17,10
317040;Unaí;75,83;14,10
317043;União de Minas;74,73;15,70
317047;Uruana de Minas;72,6;19,30
317050;Urucânia;73,67;17,50
317052;Urucuia;71,88;20,60
317057;Vargem Alegre;74,12;16,70
317060;Vargem Bonita;75,8;14,10
317065;Vargem Grande do Rio Pardo;73,63;17,50
317070;Varginha;77,49;12,21
317075;Varjão de Minas;75,79;14,10
317080;Várzea da Palma;73,83;17,20
317090;Varzelândia;73,37;18,00
317100;Vazante;76,96;12,50
317103;Verdelândia;72,81;18,90
317107;Veredinha;72,11;20,20
317110;Veríssimo;77,16;12,20
317115;Vermelho Novo;72,37;19,70
317120;Vespasiano;73,65;15,32
317130;Viçosa;77,96;11,12
317140;Vieiras;73,47;17,80
317150;Mathias Lobato;72,71;19,10
317160;Virgem da Lapa;72,83;18,90
317170;Virgínia;74,73;15,70
317180;Virginópolis;74,86;15,60
317190;Virgolândia;72,71;19,10
317200;Visconde do Rio Branco;75,97;13,90
317210;Volta Grande;75,45;14,60
317220;Wenceslau Braz;75,53;14,50